<?xml version="1.0" encoding="UTF-8"?><SLA Version="1.0"><TxList><Tx>UC01_TR05_Payment_Details</Tx><Tx>UC02_TR03_cancel</Tx><Tx>vuser_end_Transaction</Tx><Tx>UC01_TR06_Logout</Tx><Tx>UC02_TR02_itenary</Tx><Tx>Search_Transaction</Tx><Tx>vuser_init_Transaction</Tx><Tx>UC01_TR02_Flights</Tx><Tx>UC01_TR03_Find_Flight</Tx><Tx>Itenary_Transaction</Tx><Tx>UC02_TR04_logOut</Tx><Tx>UC02_TR01_logIn</Tx><Tx>UC01_TR04_Select_flight</Tx><Tx>UC01_TR01_Login</Tx><Tx>Action_Transaction</Tx></TxList><SLARules><TrackingPeriodType>Default</TrackingPeriodType><TrackingPeriodValue></TrackingPeriodValue><TrackingPeriodTimeScale></TrackingPeriodTimeScale></SLARules></SLA>