[
    {
        "actionName": "Itenary",
        "steps": [
            {
                "stepId": "STEP3",
                "stepName": "Url: welcome.pl",
                "infFile": "t3.inf",
                "time": 1587475800960
            }
        ],
        "transactions": [
            {
                "transactionName": "UC02_TR02_itenary",
                "rawStartTime": 1587475800668,
                "rawEndTime": 1587475800966,
                "thinkTime": 0.0,
                "wastedTime": 0.06298398971557617
            }
        ]
    },
    {
        "actionName": "Itenary",
        "steps": [
            {
                "stepId": "STEP4",
                "stepName": "Url: welcome.pl",
                "infFile": "t4.inf",
                "time": 1587475804111
            }
        ],
        "transactions": [
            {
                "transactionName": "UC02_TR02_itenary",
                "rawStartTime": 1587475803819,
                "rawEndTime": 1587475804116,
                "thinkTime": 0.0,
                "wastedTime": 0.0652618408203125
            }
        ]
    },
    {
        "actionName": "Itenary",
        "steps": [
            {
                "stepId": "STEP5",
                "stepName": "Url: welcome.pl",
                "infFile": "t5.inf",
                "time": 1587475806994
            }
        ],
        "transactions": [
            {
                "transactionName": "UC02_TR02_itenary",
                "rawStartTime": 1587475806717,
                "rawEndTime": 1587475806999,
                "thinkTime": 0.0,
                "wastedTime": 0.06090497970581055
            }
        ]
    },
    {
        "actionName": "Itenary",
        "steps": [
            {
                "stepId": "STEP6",
                "stepName": "Url: welcome.pl",
                "infFile": "t6.inf",
                "time": 1587475809971
            }
        ],
        "transactions": [
            {
                "transactionName": "UC02_TR02_itenary",
                "rawStartTime": 1587475809649,
                "rawEndTime": 1587475809976,
                "thinkTime": 0.0,
                "wastedTime": 0.10498046875
            }
        ]
    },
    {
        "actionName": "Itenary",
        "steps": [
            {
                "stepId": "STEP7",
                "stepName": "Url: welcome.pl",
                "infFile": "t7.inf",
                "time": 1587475812446
            }
        ],
        "transactions": [
            {
                "transactionName": "UC02_TR02_itenary",
                "rawStartTime": 1587475812152,
                "rawEndTime": 1587475812451,
                "thinkTime": 0.0,
                "wastedTime": 0.06079673767089844
            }
        ]
    },
    {
        "actionName": "Itenary",
        "steps": [
            {
                "stepId": "STEP8",
                "stepName": "Url: welcome.pl",
                "infFile": "t8.inf",
                "time": 1587475814627
            }
        ],
        "transactions": [
            {
                "transactionName": "UC02_TR02_itenary",
                "rawStartTime": 1587475814337,
                "rawEndTime": 1587475814632,
                "thinkTime": 0.0,
                "wastedTime": 0.06571555137634278
            }
        ]
    },
    {
        "actionName": "Action",
        "steps": [
            {
                "stepId": "STEP9",
                "stepName": "Custom Request: itinerary.pl",
                "infFile": "t9.inf",
                "time": 1587475823761
            }
        ],
        "transactions": [
            {
                "transactionName": "UC02_TR03_cancel",
                "rawStartTime": 1587475819457,
                "rawEndTime": 1587475823763,
                "thinkTime": 0.0,
                "wastedTime": 0.06492352485656738
            }
        ]
    }
]