[
    {
        "actionName": "vuser_end",
        "steps": [
            {
                "stepId": "STEP10",
                "stepName": "Url: SignOff Button",
                "infFile": "t10.inf",
                "time": 1587475823953
            }
        ],
        "transactions": [
            {
                "transactionName": "UC02_TR04_logOut",
                "rawStartTime": 1587475823785,
                "rawEndTime": 1587475823953,
                "thinkTime": 0.0,
                "wastedTime": 0.0437929630279541
            }
        ]
    }
]