[
    {
        "actionName": "vuser_init",
        "steps": [
            {
                "stepId": "STEP1",
                "stepName": "Url: WebTours",
                "infFile": "t1.inf",
                "time": 1587475797650
            },
            {
                "stepId": "STEP2",
                "stepName": "Submit Data: login.pl",
                "infFile": "t2.inf",
                "time": 1587475797839
            }
        ],
        "transactions": [
            {
                "transactionName": "UC02_TR01_logIn",
                "rawStartTime": 1587475797651,
                "rawEndTime": 1587475797839,
                "thinkTime": 0.0,
                "wastedTime": 0.0532681941986084
            }
        ]
    }
]